{"name":"7f52db91-23c3-42b6-a553-245280988118","id":"/providers/Microsoft.Flow/flows/7f52db91-23c3-42b6-a553-245280988118","type":"Microsoft.Flow/flows","properties":{"apiId":"/providers/Microsoft.PowerApps/apis/shared_logicflows","displayName":"Directory Traversal - Get Team POC","definition":{"metadata":{"workflowEntityId":null,"processAdvisorMetadata":null,"flowclientsuspensionreason":"None","flowclientsuspensiontime":null,"flowclientsuspensionreasondetails":null,"creator":{"id":"78dba543-9f7f-4eb8-aa2a-e185f44690c7","type":"User","tenantId":"51fc9f8f-fed1-4133-84b8-bbbe4de0b38d"},"provisioningMethod":"FromDefinition","failureAlertSubscription":true,"clientLastModifiedTime":"2023-01-03T15:03:18.5228405Z"},"$schema":"https://schema.management.azure.com/providers/Microsoft.Logic/schemas/2016-06-01/workflowdefinition.json#","contentVersion":"1.0.0.0","parameters":{"$connections":{"defaultValue":{},"type":"Object"},"$authentication":{"defaultValue":{},"type":"SecureObject"}},"triggers":{"manual":{"metadata":{"operationMetadataId":"94439abe-c040-4cc0-be89-96d8db34857b"},"type":"Request","kind":"PowerAppV2","inputs":{"schema":{"type":"object","properties":{"text":{"title":"Input","type":"string","x-ms-dynamically-added":true,"description":"Please enter your team id","x-ms-content-hint":"TEXT"}},"required":["text"]}}}},"actions":{"Get_a_team":{"runAfter":{},"metadata":{"operationMetadataId":"e738803d-0a2b-4c80-893d-65480752ec13"},"type":"OpenApiConnection","inputs":{"host":{"apiId":"/providers/Microsoft.PowerApps/apis/shared_teams","connectionName":"shared_teams","operationId":"GetTeam"},"parameters":{"teamId":"@triggerBody()['text']"},"authentication":{"value":"@json(decodeBase64(triggerOutputs().headers['X-MS-APIM-Tokens']))['$ConnectionKey']","type":"Raw"}}}},"outputs":{}},"connectionReferences":{"shared_teams":{"connectionName":"shared-teams-17031457-b3e6-4948-8456-55fb9a06940b","source":"Invoker","id":"/providers/Microsoft.PowerApps/apis/shared_teams","tier":"NotSpecified"}},"flowFailureAlertSubscribed":false,"isManaged":false}}