{"schemaVersion":"1.0","appDefinitionTemplate":{"id":"/providers/Microsoft.PowerApps/apps/","type":"Microsoft.PowerApps/apps","tags":{"primaryDeviceWidth":"1366","primaryDeviceHeight":"768","supportsPortrait":"true","supportsLandscape":"true","primaryFormFactor":"Tablet","publisherVersion":"3.22114.18","minimumRequiredApiVersion":"2.2.0","hasComponent":"false","hasUnlockedComponent":"false","isUnifiedRootApp":"false","sienaVersion":"20221217T235316Z-3.22114.18.0"},"properties":{"appVersion":"2022-12-17T23:53:16Z","lifeCycleId":"Published","createdByClientVersion":{"major":3,"minor":22114,"build":18,"revision":0,"majorRevision":0,"minorRevision":0},"minClientVersion":{"major":3,"minor":22114,"build":18,"revision":0,"majorRevision":0,"minorRevision":0},"backgroundColor":"RGBA(0,176,240,1)","backgroundImageUri":"/7521850746121883612/N9bddfd16-556c-40bb-86f5-a3e6ff23ff1d-logoSmallFile","displayName":"M365 Phish - User Conn PowerApp","description":"","commitMessage":"","appUris":{"documentUri":{"value":"/7521850746121883612/Nbe5933f9-2b08-444a-9864-37814fa99e1d-document.msapp"},"imageUris":[],"additionalUris":[]},"createdTime":"0001-01-01T00:00:00Z","lastModifiedTime":"0001-01-01T00:00:00Z","sharedGroupsCount":0,"sharedUsersCount":0,"icons":{"smallIconUri":"/7521850746121883612/N50804715-1916-48f6-8f28-6f025d9e332e-small.png","mediumIconUri":"/7521850746121883612/N3be3f503-4b0f-478a-8c89-76f910a5f26d-medium.png","largeIconUri":"/7521850746121883612/Nffbf3ba1-e8da-4450-a3a3-3a54366ff278-large.png","wideIconUri":"/7521850746121883612/Nb12c16f4-c644-45d9-8df7-17b655a7462f-wide.png"},"connectionReferences":{"fbccd9e1-e655-4510-ab9e-4ce8143fc35b":{"id":"2dca07d1-a010-4c49-9022-abf18f7139e1","displayName":"Logic flows","iconUri":"https://connectoricons-prod.azureedge.net/releases/v1.0.1534/1.0.1534.2605/logicflows/icon.png","dataSources":["M365Phish-UsersConnWorkflow"],"dependencies":["6a67b9c9-dd5a-49ef-a683-f4a3abfe9a2c"],"dependents":[],"parameterHints":{"workflowName":{"value":"62252b97-0d74-46bf-9d15-2f2e11a17c89"},"workflowEntityId":{},"6a67b9c9-dd5a-49ef-a683-f4a3abfe9a2c":{"value":"shared_office365users"}},"parameterHintsV2":{"workflowName":{"value":"62252b97-0d74-46bf-9d15-2f2e11a17c89"},"workflowEntityId":{},"shared_office365users":{"value":"6a67b9c9-dd5a-49ef-a683-f4a3abfe9a2c"}},"isOnPremiseConnection":false,"dataSets":{},"apiTier":"Standard","isCustomApiConnection":false,"actions":["Run"],"nestedActions":[{"id":"/providers/Microsoft.PowerApps/apis/shared_office365users/apiOperations/HttpRequest","apiName":"Office 365 Users","actionName":"HttpRequest","referencedResources":[]},{"id":"/providers/Microsoft.PowerApps/apis/shared_office365users/apiOperations/MyProfile_V2","apiName":"Office 365 Users","actionName":"MyProfile_V2","referencedResources":[]}]},"6a67b9c9-dd5a-49ef-a683-f4a3abfe9a2c":{"id":"961a07f8-b175-4c26-850b-fc7561953070","displayName":"Office 365 Users","iconUri":"https://connectoricons-prod.azureedge.net/releases/v1.0.1611/1.0.1611.3104/office365users/icon.png","dataSources":[],"dependencies":[],"dependents":["fbccd9e1-e655-4510-ab9e-4ce8143fc35b"],"parameterHints":{},"parameterHintsV2":{},"isOnPremiseConnection":false,"dataSets":{},"apiTier":"Standard","isCustomApiConnection":false}},"databaseReferences":{},"almMode":"Environment","performanceOptimizationEnabled":true,"canConsumeAppPass":true,"enableModernRuntimeMode":false,"executionRestrictions":{"isTeamsOnly":false,"dataLossPreventionEvaluationResult":{"status":"Compliant","lastEvaluationDate":"2022-12-17T23:53:20.2579005Z","violations":[],"violationsByPolicy":[],"violationErrorMessage":"The app uses the following connectors: shared_logicflows, shared_office365users."},"httpActionRestriction":{"appUsesSharepointHttpAction":false,"enforcementStrategy":"Legacy","evaluationTime":"2022-12-17T23:53:20.2578401Z"}}},"appType":"ClassicCanvasApp","appComponents":[]}}